image_id,predicted_label
Test_0,3
Test_1,3
Test_2,0
Test_3,0
Test_4,2
Test_5,1
Test_6,2
Test_7,3
Test_8,0
Test_9,3
Test_10,3
Test_11,0
Test_12,0
Test_13,0
Test_14,2
Test_15,0
Test_16,3
Test_17,3
Test_18,0
Test_19,3
Test_20,0
Test_21,3
Test_22,3
Test_23,2
Test_24,0
Test_25,2
Test_26,0
Test_27,2
Test_28,0
Test_29,3
Test_30,2
Test_31,3
Test_32,3
Test_33,2
Test_34,3
Test_35,3
Test_36,3
Test_37,0
Test_38,0
Test_39,3
Test_40,1
Test_41,0
Test_42,2
Test_43,3
Test_44,0
Test_45,3
Test_46,0
Test_47,2
Test_48,0
Test_49,2
Test_50,3
Test_51,3
Test_52,2
Test_53,2
Test_54,2
Test_55,3
Test_56,3
Test_57,3
Test_58,1
Test_59,2
Test_60,3
Test_61,2
Test_62,2
Test_63,0
Test_64,3
Test_65,0
Test_66,0
Test_67,2
Test_68,2
Test_69,2
Test_70,3
Test_71,2
Test_72,0
Test_73,0
Test_74,3
Test_75,0
Test_76,3
Test_77,3
Test_78,3
Test_79,2
Test_80,0
Test_81,2
Test_82,3
Test_83,3
Test_84,3
Test_85,3
Test_86,2
Test_87,3
Test_88,0
Test_89,0
Test_90,0
Test_91,2
Test_92,3
Test_93,0
Test_94,3
Test_95,3
Test_96,0
Test_97,0
Test_98,0
Test_99,0
Test_100,0
Test_101,0
Test_102,0
Test_103,3
Test_104,2
Test_105,3
Test_106,0
Test_107,3
Test_108,0
Test_109,0
Test_110,0
Test_111,3
Test_112,2
Test_113,3
Test_114,0
Test_115,2
Test_116,3
Test_117,3
Test_118,3
Test_119,3
Test_120,3
Test_121,3
Test_122,0
Test_123,0
Test_124,0
Test_125,2
Test_126,0
Test_127,2
Test_128,0
Test_129,3
Test_130,3
Test_131,3
Test_132,3
Test_133,3
Test_134,3
Test_135,2
Test_136,0
Test_137,2
Test_138,2
Test_139,2
Test_140,2
Test_141,0
Test_142,3
Test_143,1
Test_144,2
Test_145,3
Test_146,3
Test_147,2
Test_148,1
Test_149,0
Test_150,3
Test_151,3
Test_152,3
Test_153,3
Test_154,3
Test_155,0
Test_156,2
Test_157,3
Test_158,3
Test_159,2
Test_160,0
Test_161,3
Test_162,2
Test_163,3
Test_164,0
Test_165,3
Test_166,0
Test_167,2
Test_168,0
Test_169,3
Test_170,3
Test_171,2
Test_172,0
Test_173,3
Test_174,2
Test_175,2
Test_176,0
Test_177,3
Test_178,2
Test_179,3
Test_180,3
Test_181,0
Test_182,3
Test_183,0
Test_184,3
Test_185,2
Test_186,0
Test_187,3
Test_188,3
Test_189,2
Test_190,3
Test_191,2
Test_192,0
Test_193,0
Test_194,2
Test_195,2
Test_196,1
Test_197,3
Test_198,2
Test_199,2
Test_200,3
Test_201,1
Test_202,3
Test_203,3
Test_204,3
Test_205,0
Test_206,3
Test_207,3
Test_208,0
Test_209,2
Test_210,0
Test_211,2
Test_212,3
Test_213,2
Test_214,3
Test_215,2
Test_216,0
Test_217,0
Test_218,0
Test_219,0
Test_220,0
Test_221,0
Test_222,3
Test_223,2
Test_224,2
Test_225,3
Test_226,2
Test_227,3
Test_228,0
Test_229,2
Test_230,2
Test_231,3
Test_232,0
Test_233,0
Test_234,2
Test_235,3
Test_236,2
Test_237,2
Test_238,2
Test_239,3
Test_240,0
Test_241,3
Test_242,3
Test_243,0
Test_244,0
Test_245,0
Test_246,0
Test_247,2
Test_248,2
Test_249,2
Test_250,1
Test_251,3
Test_252,0
Test_253,0
Test_254,2
Test_255,3
Test_256,0
Test_257,3
Test_258,0
Test_259,2
Test_260,2
Test_261,0
Test_262,2
Test_263,2
Test_264,2
Test_265,3
Test_266,2
Test_267,0
Test_268,3
Test_269,2
Test_270,0
Test_271,3
Test_272,0
Test_273,0
Test_274,3
Test_275,3
Test_276,0
Test_277,3
Test_278,3
Test_279,2
Test_280,3
Test_281,3
Test_282,1
Test_283,3
Test_284,3
Test_285,2
Test_286,3
Test_287,0
Test_288,3
Test_289,3
Test_290,3
Test_291,2
Test_292,2
Test_293,0
Test_294,2
Test_295,2
Test_296,0
Test_297,3
Test_298,2
Test_299,3
Test_300,0
Test_301,0
Test_302,2
Test_303,2
Test_304,0
Test_305,0
Test_306,3
Test_307,2
Test_308,2
Test_309,2
Test_310,3
Test_311,3
Test_312,3
Test_313,0
Test_314,0
Test_315,3
Test_316,3
Test_317,0
Test_318,0
Test_319,2
Test_320,2
Test_321,3
Test_322,1
Test_323,2
Test_324,0
Test_325,0
Test_326,3
Test_327,0
Test_328,2
Test_329,2
Test_330,2
Test_331,0
Test_332,0
Test_333,0
Test_334,2
Test_335,3
Test_336,3
Test_337,0
Test_338,0
Test_339,2
Test_340,2
Test_341,3
Test_342,3
Test_343,2
Test_344,3
Test_345,3
Test_346,3
Test_347,2
Test_348,3
Test_349,0
Test_350,0
Test_351,2
Test_352,3
Test_353,2
Test_354,2
Test_355,0
Test_356,0
Test_357,2
Test_358,0
Test_359,3
Test_360,2
Test_361,3
Test_362,3
Test_363,3
Test_364,3
Test_365,3
Test_366,2
Test_367,3
Test_368,0
Test_369,0
Test_370,2
Test_371,0
Test_372,2
Test_373,2
Test_374,3
Test_375,2
Test_376,0
Test_377,3
Test_378,2
Test_379,3
Test_380,0
Test_381,0
Test_382,3
Test_383,0
Test_384,0
Test_385,0
Test_386,3
Test_387,3
Test_388,3
Test_389,2
Test_390,0
Test_391,2
Test_392,2
Test_393,2
Test_394,3
Test_395,2
Test_396,2
Test_397,3
Test_398,0
Test_399,3
Test_400,3
Test_401,3
Test_402,3
Test_403,0
Test_404,2
Test_405,3
Test_406,3
Test_407,3
Test_408,3
Test_409,0
Test_410,3
Test_411,0
Test_412,0
Test_413,3
Test_414,2
Test_415,3
Test_416,0
Test_417,3
Test_418,0
Test_419,3
Test_420,0
Test_421,2
Test_422,0
Test_423,3
Test_424,3
Test_425,3
Test_426,0
Test_427,0
Test_428,0
Test_429,2
Test_430,0
Test_431,3
Test_432,2
Test_433,3
Test_434,3
Test_435,0
Test_436,3
Test_437,2
Test_438,0
Test_439,3
Test_440,0
Test_441,2
Test_442,3
Test_443,2
Test_444,1
Test_445,3
Test_446,0
Test_447,3
Test_448,2
Test_449,3
Test_450,3
Test_451,3
Test_452,0
Test_453,3
Test_454,0
Test_455,3
Test_456,2
Test_457,3
Test_458,3
Test_459,3
Test_460,0
Test_461,0
Test_462,2
Test_463,0
Test_464,2
Test_465,2
Test_466,2
Test_467,2
Test_468,0
Test_469,3
Test_470,0
Test_471,2
Test_472,3
Test_473,3
Test_474,3
Test_475,0
Test_476,3
Test_477,1
Test_478,2
Test_479,0
Test_480,0
Test_481,0
Test_482,3
Test_483,3
Test_484,0
Test_485,0
Test_486,0
Test_487,3
Test_488,0
Test_489,0
Test_490,0
Test_491,0
Test_492,2
Test_493,0
Test_494,2
Test_495,2
Test_496,0
Test_497,2
Test_498,0
Test_499,0
Test_500,0
Test_501,0
Test_502,3
Test_503,2
Test_504,0
Test_505,3
Test_506,2
Test_507,3
Test_508,3
Test_509,2
Test_510,0
Test_511,0
Test_512,3
Test_513,3
Test_514,2
Test_515,2
Test_516,3
Test_517,3
Test_518,0
Test_519,2
Test_520,1
Test_521,3
Test_522,3
Test_523,0
Test_524,0
Test_525,3
Test_526,3
Test_527,2
Test_528,3
Test_529,3
Test_530,1
Test_531,2
Test_532,3
Test_533,1
Test_534,2
Test_535,2
Test_536,3
Test_537,2
Test_538,2
Test_539,3
Test_540,0
Test_541,2
Test_542,0
Test_543,3
Test_544,3
Test_545,3
Test_546,3
Test_547,3
Test_548,0
Test_549,0
Test_550,2
Test_551,2
Test_552,0
Test_553,2
Test_554,3
Test_555,2
Test_556,0
Test_557,0
Test_558,0
Test_559,0
Test_560,3
Test_561,0
Test_562,3
Test_563,3
Test_564,3
Test_565,3
Test_566,0
Test_567,2
Test_568,3
Test_569,3
Test_570,3
Test_571,3
Test_572,0
Test_573,0
Test_574,3
Test_575,3
Test_576,0
Test_577,2
Test_578,0
Test_579,2
Test_580,1
Test_581,0
Test_582,0
Test_583,0
Test_584,3
Test_585,2
Test_586,0
Test_587,0
Test_588,2
Test_589,2
Test_590,0
Test_591,2
Test_592,0
Test_593,3
Test_594,0
Test_595,0
Test_596,3
Test_597,3
Test_598,0
Test_599,0
Test_600,3
Test_601,0
Test_602,0
Test_603,0
Test_604,2
Test_605,3
Test_606,2
Test_607,3
Test_608,2
Test_609,3
Test_610,3
Test_611,0
Test_612,2
Test_613,0
Test_614,3
Test_615,0
Test_616,3
Test_617,3
Test_618,2
Test_619,3
Test_620,3
Test_621,0
Test_622,3
Test_623,3
Test_624,2
Test_625,3
Test_626,2
Test_627,2
Test_628,3
Test_629,0
Test_630,3
Test_631,0
Test_632,2
Test_633,3
Test_634,3
Test_635,0
Test_636,0
Test_637,0
Test_638,0
Test_639,0
Test_640,0
Test_641,3
Test_642,2
Test_643,2
Test_644,0
Test_645,3
Test_646,3
Test_647,3
Test_648,2
Test_649,3
Test_650,3
Test_651,3
Test_652,0
Test_653,0
Test_654,0
Test_655,2
Test_656,3
Test_657,2
Test_658,3
Test_659,0
Test_660,0
Test_661,3
Test_662,0
Test_663,3
Test_664,0
Test_665,1
Test_666,3
Test_667,0
Test_668,0
Test_669,2
Test_670,2
Test_671,3
Test_672,3
Test_673,3
Test_674,2
Test_675,1
Test_676,0
Test_677,0
Test_678,3
Test_679,3
Test_680,0
Test_681,0
Test_682,3
Test_683,0
Test_684,3
Test_685,3
Test_686,0
Test_687,3
Test_688,2
Test_689,3
Test_690,3
Test_691,3
Test_692,0
Test_693,0
Test_694,0
Test_695,2
Test_696,2
Test_697,1
Test_698,0
Test_699,2
Test_700,2
Test_701,3
Test_702,3
Test_703,3
Test_704,2
Test_705,2
Test_706,0
Test_707,0
Test_708,2
Test_709,2
Test_710,0
Test_711,0
Test_712,0
Test_713,2
Test_714,0
Test_715,0
Test_716,2
Test_717,0
Test_718,0
Test_719,2
Test_720,3
Test_721,3
Test_722,1
Test_723,0
Test_724,3
Test_725,2
Test_726,0
Test_727,0
Test_728,0
Test_729,0
Test_730,1
Test_731,0
Test_732,2
Test_733,3
Test_734,3
Test_735,2
Test_736,3
Test_737,0
Test_738,1
Test_739,2
Test_740,3
Test_741,2
Test_742,3
Test_743,0
Test_744,0
Test_745,2
Test_746,2
Test_747,2
Test_748,1
Test_749,3
Test_750,3
Test_751,3
Test_752,3
Test_753,3
Test_754,0
Test_755,3
Test_756,3
Test_757,3
Test_758,3
Test_759,3
Test_760,2
Test_761,0
Test_762,0
Test_763,3
Test_764,0
Test_765,3
Test_766,3
Test_767,0
Test_768,3
Test_769,3
Test_770,0
Test_771,2
Test_772,0
Test_773,2
Test_774,0
Test_775,0
Test_776,3
Test_777,2
Test_778,0
Test_779,3
Test_780,3
Test_781,2
Test_782,1
Test_783,2
Test_784,0
Test_785,0
Test_786,2
Test_787,2
Test_788,3
Test_789,2
Test_790,3
Test_791,3
Test_792,2
Test_793,1
Test_794,2
Test_795,2
Test_796,2
Test_797,0
Test_798,2
Test_799,2
Test_800,3
Test_801,0
Test_802,2
Test_803,2
Test_804,0
Test_805,3
Test_806,0
Test_807,2
Test_808,0
Test_809,0
Test_810,3
Test_811,0
Test_812,2
Test_813,2
Test_814,2
Test_815,2
Test_816,3
Test_817,3
Test_818,0
Test_819,2
Test_820,0
Test_821,2
Test_822,0
Test_823,3
Test_824,2
Test_825,3
Test_826,2
Test_827,0
Test_828,2
Test_829,3
Test_830,2
Test_831,2
Test_832,0
Test_833,2
Test_834,0
Test_835,3
Test_836,2
Test_837,0
Test_838,0
Test_839,2
Test_840,0
Test_841,0
Test_842,2
Test_843,2
Test_844,3
Test_845,2
Test_846,0
Test_847,3
Test_848,2
Test_849,3
Test_850,0
Test_851,0
Test_852,3
Test_853,3
Test_854,3
Test_855,1
Test_856,0
Test_857,2
Test_858,2
Test_859,3
Test_860,3
Test_861,3
Test_862,0
Test_863,2
Test_864,2
Test_865,0
Test_866,2
Test_867,0
Test_868,3
Test_869,3
Test_870,0
Test_871,3
Test_872,0
Test_873,0
Test_874,3
Test_875,0
Test_876,0
Test_877,3
Test_878,0
Test_879,2
Test_880,0
Test_881,0
Test_882,3
Test_883,3
Test_884,2
Test_885,2
Test_886,1
Test_887,2
Test_888,3
Test_889,0
Test_890,2
Test_891,0
Test_892,3
Test_893,2
Test_894,2
Test_895,2
Test_896,0
Test_897,2
Test_898,3
Test_899,0
Test_900,0
Test_901,0
Test_902,0
Test_903,0
Test_904,3
Test_905,0
Test_906,0
Test_907,0
Test_908,3
Test_909,2
Test_910,2
Test_911,2
Test_912,2
Test_913,0
Test_914,3
Test_915,2
Test_916,2
Test_917,0
Test_918,0
Test_919,3
Test_920,2
Test_921,2
Test_922,2
Test_923,0
Test_924,2
Test_925,3
Test_926,2
Test_927,3
Test_928,3
Test_929,1
Test_930,2
Test_931,2
Test_932,3
Test_933,2
Test_934,0
Test_935,2
Test_936,3
Test_937,3
Test_938,3
Test_939,2
Test_940,3
Test_941,0
Test_942,2
Test_943,3
Test_944,3
Test_945,0
Test_946,0
Test_947,0
Test_948,0
Test_949,0
Test_950,2
Test_951,2
Test_952,0
Test_953,3
Test_954,0
Test_955,0
Test_956,3
Test_957,2
Test_958,0
Test_959,3
Test_960,2
Test_961,0
Test_962,3
Test_963,0
Test_964,3
Test_965,0
Test_966,2
Test_967,3
Test_968,3
Test_969,2
Test_970,3
Test_971,3
Test_972,2
Test_973,2
Test_974,3
Test_975,1
Test_976,3
Test_977,3
Test_978,3
Test_979,2
Test_980,2
Test_981,0
Test_982,3
Test_983,3
Test_984,2
Test_985,2
Test_986,3
Test_987,2
Test_988,0
Test_989,0
Test_990,2
Test_991,1
Test_992,0
Test_993,0
Test_994,0
Test_995,3
Test_996,2
Test_997,3
Test_998,0
Test_999,1
Test_1000,2
Test_1001,0
Test_1002,2
Test_1003,0
Test_1004,3
Test_1005,2
Test_1006,3
Test_1007,3
Test_1008,3
Test_1009,3
Test_1010,3
Test_1011,2
Test_1012,2
Test_1013,2
Test_1014,3
Test_1015,2
Test_1016,0
Test_1017,0
Test_1018,3
Test_1019,3
Test_1020,2
Test_1021,0
Test_1022,2
Test_1023,2
Test_1024,3
Test_1025,0
Test_1026,2
Test_1027,0
Test_1028,0
Test_1029,0
Test_1030,1
Test_1031,3
Test_1032,0
Test_1033,0
Test_1034,0
Test_1035,2
Test_1036,0
Test_1037,2
Test_1038,3
Test_1039,2
Test_1040,0
Test_1041,2
Test_1042,2
Test_1043,3
Test_1044,0
Test_1045,2
Test_1046,0
Test_1047,0
Test_1048,3
Test_1049,2
Test_1050,2
Test_1051,2
Test_1052,3
Test_1053,3
Test_1054,2
Test_1055,2
Test_1056,2
Test_1057,2
Test_1058,0
Test_1059,2
Test_1060,2
Test_1061,3
Test_1062,0
Test_1063,2
Test_1064,3
Test_1065,3
Test_1066,0
Test_1067,0
Test_1068,0
Test_1069,3
Test_1070,0
Test_1071,2
Test_1072,3
Test_1073,3
Test_1074,3
Test_1075,3
Test_1076,2
Test_1077,3
Test_1078,0
Test_1079,2
Test_1080,0
Test_1081,3
Test_1082,2
Test_1083,3
Test_1084,3
Test_1085,2
Test_1086,0
Test_1087,2
Test_1088,0
Test_1089,3
Test_1090,3
Test_1091,2
Test_1092,0
Test_1093,0
Test_1094,2
Test_1095,3
Test_1096,2
Test_1097,0
Test_1098,2
Test_1099,3
Test_1100,2
Test_1101,0
Test_1102,3
Test_1103,2
Test_1104,3
Test_1105,2
Test_1106,0
Test_1107,3
Test_1108,0
Test_1109,2
Test_1110,2
Test_1111,1
Test_1112,0
Test_1113,0
Test_1114,2
Test_1115,0
Test_1116,3
Test_1117,0
Test_1118,3
Test_1119,0
Test_1120,0
Test_1121,3
Test_1122,1
Test_1123,3
Test_1124,3
Test_1125,0
Test_1126,0
Test_1127,1
Test_1128,2
Test_1129,2
Test_1130,0
Test_1131,2
Test_1132,3
Test_1133,3
Test_1134,3
Test_1135,3
Test_1136,3
Test_1137,1
Test_1138,0
Test_1139,3
Test_1140,0
Test_1141,2
Test_1142,1
Test_1143,3
Test_1144,3
Test_1145,0
Test_1146,2
Test_1147,3
Test_1148,2
Test_1149,2
Test_1150,2
Test_1151,3
Test_1152,0
Test_1153,0
Test_1154,2
Test_1155,0
Test_1156,3
Test_1157,3
Test_1158,2
Test_1159,3
Test_1160,2
Test_1161,0
Test_1162,2
Test_1163,0
Test_1164,1
Test_1165,3
Test_1166,0
Test_1167,0
Test_1168,2
Test_1169,2
Test_1170,0
Test_1171,2
Test_1172,3
Test_1173,0
Test_1174,0
Test_1175,0
Test_1176,0
Test_1177,3
Test_1178,0
Test_1179,3
Test_1180,2
Test_1181,0
Test_1182,2
Test_1183,2
Test_1184,2
Test_1185,0
Test_1186,3
Test_1187,3
Test_1188,2
Test_1189,0
Test_1190,2
Test_1191,3
Test_1192,2
Test_1193,0
Test_1194,2
Test_1195,3
Test_1196,3
Test_1197,2
Test_1198,2
Test_1199,3
Test_1200,2
Test_1201,2
Test_1202,0
Test_1203,3
Test_1204,3
Test_1205,2
Test_1206,2
Test_1207,2
Test_1208,0
Test_1209,2
Test_1210,2
Test_1211,3
Test_1212,3
Test_1213,3
Test_1214,2
Test_1215,2
Test_1216,2
Test_1217,0
Test_1218,0
Test_1219,3
Test_1220,3
Test_1221,2
Test_1222,3
Test_1223,3
Test_1224,0
Test_1225,2
Test_1226,2
Test_1227,0
Test_1228,3
Test_1229,0
Test_1230,2
Test_1231,0
Test_1232,0
Test_1233,2
Test_1234,3
Test_1235,3
Test_1236,3
Test_1237,0
Test_1238,3
Test_1239,2
Test_1240,3
Test_1241,3
Test_1242,3
Test_1243,3
Test_1244,3
Test_1245,3
Test_1246,3
Test_1247,0
Test_1248,2
Test_1249,2
Test_1250,0
Test_1251,2
Test_1252,0
Test_1253,2
Test_1254,3
Test_1255,3
Test_1256,2
Test_1257,0
Test_1258,3
Test_1259,0
Test_1260,0
Test_1261,2
Test_1262,0
Test_1263,3
Test_1264,2
Test_1265,2
Test_1266,3
Test_1267,2
Test_1268,3
Test_1269,3
Test_1270,3
Test_1271,2
Test_1272,0
Test_1273,3
Test_1274,0
Test_1275,3
Test_1276,2
Test_1277,2
Test_1278,3
Test_1279,3
Test_1280,0
Test_1281,2
Test_1282,0
Test_1283,2
Test_1284,2
Test_1285,0
Test_1286,0
Test_1287,0
Test_1288,0
Test_1289,2
Test_1290,3
Test_1291,0
Test_1292,2
Test_1293,2
Test_1294,3
Test_1295,0
Test_1296,0
Test_1297,2
Test_1298,2
Test_1299,3
Test_1300,3
Test_1301,3
Test_1302,2
Test_1303,3
Test_1304,2
Test_1305,2
Test_1306,0
Test_1307,3
Test_1308,2
Test_1309,0
Test_1310,3
Test_1311,2
Test_1312,3
Test_1313,2
Test_1314,0
Test_1315,0
Test_1316,1
Test_1317,3
Test_1318,0
Test_1319,0
Test_1320,1
Test_1321,0
Test_1322,0
Test_1323,3
Test_1324,0
Test_1325,2
Test_1326,2
Test_1327,0
Test_1328,2
Test_1329,3
Test_1330,2
Test_1331,0
Test_1332,3
Test_1333,0
Test_1334,0
Test_1335,0
Test_1336,0
Test_1337,2
Test_1338,2
Test_1339,0
Test_1340,2
Test_1341,3
Test_1342,2
Test_1343,1
Test_1344,3
Test_1345,0
Test_1346,3
Test_1347,3
Test_1348,3
Test_1349,3
Test_1350,3
Test_1351,2
Test_1352,0
Test_1353,0
Test_1354,2
Test_1355,0
Test_1356,3
Test_1357,3
Test_1358,0
Test_1359,0
Test_1360,2
Test_1361,2
Test_1362,0
Test_1363,3
Test_1364,2
Test_1365,0
Test_1366,3
Test_1367,3
Test_1368,3
Test_1369,0
Test_1370,0
Test_1371,2
Test_1372,3
Test_1373,2
Test_1374,3
Test_1375,0
Test_1376,0
Test_1377,3
Test_1378,3
Test_1379,0
Test_1380,0
Test_1381,0
Test_1382,2
Test_1383,3
Test_1384,2
Test_1385,3
Test_1386,0
Test_1387,3
Test_1388,2
Test_1389,3
Test_1390,3
Test_1391,2
Test_1392,2
Test_1393,0
Test_1394,0
Test_1395,0
Test_1396,3
Test_1397,2
Test_1398,0
Test_1399,2
Test_1400,2
Test_1401,0
Test_1402,2
Test_1403,3
Test_1404,3
Test_1405,3
Test_1406,2
Test_1407,3
Test_1408,0
Test_1409,2
Test_1410,3
Test_1411,0
Test_1412,3
Test_1413,0
Test_1414,2
Test_1415,0
Test_1416,3
Test_1417,0
Test_1418,3
Test_1419,3
Test_1420,2
Test_1421,0
Test_1422,2
Test_1423,3
Test_1424,2
Test_1425,2
Test_1426,3
Test_1427,0
Test_1428,2
Test_1429,0
Test_1430,0
Test_1431,2
Test_1432,2
Test_1433,2
Test_1434,0
Test_1435,3
Test_1436,0
Test_1437,0
Test_1438,0
Test_1439,3
Test_1440,3
Test_1441,0
Test_1442,2
Test_1443,3
Test_1444,0
Test_1445,3
Test_1446,3
Test_1447,3
Test_1448,0
Test_1449,3
Test_1450,0
Test_1451,0
Test_1452,2
Test_1453,2
Test_1454,3
Test_1455,3
Test_1456,0
Test_1457,0
Test_1458,0
Test_1459,3
Test_1460,2
Test_1461,0
Test_1462,2
Test_1463,2
Test_1464,3
Test_1465,2
Test_1466,3
Test_1467,0
Test_1468,3
Test_1469,0
Test_1470,3
Test_1471,3
Test_1472,3
Test_1473,2
Test_1474,3
Test_1475,3
Test_1476,2
Test_1477,2
Test_1478,0
Test_1479,3
Test_1480,3
Test_1481,2
Test_1482,2
Test_1483,2
Test_1484,3
Test_1485,0
Test_1486,3
Test_1487,3
Test_1488,3
Test_1489,3
Test_1490,2
Test_1491,0
Test_1492,0
Test_1493,2
Test_1494,3
Test_1495,0
Test_1496,1
Test_1497,2
Test_1498,2
Test_1499,0
Test_1500,0
Test_1501,3
Test_1502,2
Test_1503,0
Test_1504,3
Test_1505,3
Test_1506,2
Test_1507,0
Test_1508,3
Test_1509,0
Test_1510,2
Test_1511,3
Test_1512,2
Test_1513,0
Test_1514,0
Test_1515,3
Test_1516,0
Test_1517,3
Test_1518,0
Test_1519,2
Test_1520,0
Test_1521,0
Test_1522,0
Test_1523,0
Test_1524,0
Test_1525,1
Test_1526,2
Test_1527,3
Test_1528,0
Test_1529,0
Test_1530,3
Test_1531,2
Test_1532,0
Test_1533,3
Test_1534,3
Test_1535,3
Test_1536,3
Test_1537,3
Test_1538,2
Test_1539,3
Test_1540,3
Test_1541,2
Test_1542,2
Test_1543,2
Test_1544,3
Test_1545,2
Test_1546,2
Test_1547,0
Test_1548,0
Test_1549,2
Test_1550,0
Test_1551,0
Test_1552,0
Test_1553,1
Test_1554,3
Test_1555,0
Test_1556,3
Test_1557,0
Test_1558,0
Test_1559,0
Test_1560,2
Test_1561,2
Test_1562,0
Test_1563,2
Test_1564,2
Test_1565,0
Test_1566,3
Test_1567,2
Test_1568,3
Test_1569,2
Test_1570,3
Test_1571,2
Test_1572,0
Test_1573,0
Test_1574,2
Test_1575,2
Test_1576,0
Test_1577,3
Test_1578,3
Test_1579,2
Test_1580,1
Test_1581,3
Test_1582,3
Test_1583,2
Test_1584,3
Test_1585,2
Test_1586,3
Test_1587,3
Test_1588,0
Test_1589,2
Test_1590,1
Test_1591,3
Test_1592,3
Test_1593,3
Test_1594,0
Test_1595,0
Test_1596,2
Test_1597,3
Test_1598,3
Test_1599,3
Test_1600,3
Test_1601,0
Test_1602,3
Test_1603,2
Test_1604,0
Test_1605,0
Test_1606,3
Test_1607,3
Test_1608,3
Test_1609,2
Test_1610,3
Test_1611,0
Test_1612,3
Test_1613,3
Test_1614,2
Test_1615,3
Test_1616,3
Test_1617,0
Test_1618,2
Test_1619,0
Test_1620,2
Test_1621,3
Test_1622,0
Test_1623,3
Test_1624,0
Test_1625,2
Test_1626,3
Test_1627,3
Test_1628,2
Test_1629,3
Test_1630,0
Test_1631,3
Test_1632,2
Test_1633,3
Test_1634,2
Test_1635,0
Test_1636,0
Test_1637,2
Test_1638,2
Test_1639,3
Test_1640,3
Test_1641,3
Test_1642,0
Test_1643,0
Test_1644,2
Test_1645,3
Test_1646,3
Test_1647,3
Test_1648,0
Test_1649,2
Test_1650,3
Test_1651,0
Test_1652,0
Test_1653,3
Test_1654,3
Test_1655,0
Test_1656,3
Test_1657,2
Test_1658,0
Test_1659,3
Test_1660,2
Test_1661,2
Test_1662,3
Test_1663,1
Test_1664,0
Test_1665,0
Test_1666,2
Test_1667,3
Test_1668,0
Test_1669,3
Test_1670,0
Test_1671,0
Test_1672,0
Test_1673,0
Test_1674,1
Test_1675,0
Test_1676,0
Test_1677,3
Test_1678,0
Test_1679,0
Test_1680,3
Test_1681,2
Test_1682,0
Test_1683,3
Test_1684,0
Test_1685,2
Test_1686,2
Test_1687,2
Test_1688,2
Test_1689,0
Test_1690,3
Test_1691,0
Test_1692,3
Test_1693,3
Test_1694,2
Test_1695,0
Test_1696,0
Test_1697,2
Test_1698,2
Test_1699,3
Test_1700,2
Test_1701,2
Test_1702,2
Test_1703,0
Test_1704,0
Test_1705,3
Test_1706,3
Test_1707,3
Test_1708,2
Test_1709,3
Test_1710,0
Test_1711,2
Test_1712,2
Test_1713,2
Test_1714,2
Test_1715,2
Test_1716,0
Test_1717,3
Test_1718,0
Test_1719,0
Test_1720,3
Test_1721,0
Test_1722,3
Test_1723,3
Test_1724,3
Test_1725,0
Test_1726,3
Test_1727,3
Test_1728,3
Test_1729,0
Test_1730,2
Test_1731,2
Test_1732,3
Test_1733,0
Test_1734,3
Test_1735,3
Test_1736,0
Test_1737,3
Test_1738,3
Test_1739,3
Test_1740,3
Test_1741,2
Test_1742,2
Test_1743,2
Test_1744,2
Test_1745,0
Test_1746,3
Test_1747,0
Test_1748,3
Test_1749,2
Test_1750,3
Test_1751,2
Test_1752,3
Test_1753,0
Test_1754,3
Test_1755,0
Test_1756,3
Test_1757,0
Test_1758,0
Test_1759,3
Test_1760,3
Test_1761,2
Test_1762,2
Test_1763,2
Test_1764,0
Test_1765,2
Test_1766,2
Test_1767,3
Test_1768,3
Test_1769,0
Test_1770,0
Test_1771,3
Test_1772,0
Test_1773,3
Test_1774,3
Test_1775,0
Test_1776,3
Test_1777,0
Test_1778,0
Test_1779,2
Test_1780,3
Test_1781,3
Test_1782,2
Test_1783,2
Test_1784,3
Test_1785,3
Test_1786,3
Test_1787,2
Test_1788,0
Test_1789,2
Test_1790,0
Test_1791,2
Test_1792,3
Test_1793,2
Test_1794,2
Test_1795,3
Test_1796,2
Test_1797,0
Test_1798,2
Test_1799,0
Test_1800,0
Test_1801,3
Test_1802,2
Test_1803,0
Test_1804,2
Test_1805,3
Test_1806,2
Test_1807,2
Test_1808,2
Test_1809,0
Test_1810,3
Test_1811,3
Test_1812,3
Test_1813,0
Test_1814,3
Test_1815,2
Test_1816,0
Test_1817,0
Test_1818,3
Test_1819,2
Test_1820,2
